Name,Username,Tweet
MyFundedFX,@MyFundedFX,Those who go through struggle tend to come out the strongest on the other side Trading is a challenge like many of the desirable careers out there Donâ€™t let challenge keep you from pushing forward
Nina Turner,@ninaturner,Believable! A lot of people go to Congress for the insider trading.
MoneyTradeEdge | Better Thinking Better Trading,@MoneyTradeEdge,"Every time you break your trading rules Your confidence will drop. Protect your confidence, it's your greatest weapon."
Wesley Wes,@ILLBeDamnItsWes,"ğ—•ğ—¥ğ—˜ğ—”ğ—ğ—œğ—¡ğ—š: The #Vikings are trading RB Dalvin Cook to the #Dolphins for the 51st overall pick (2nd Round) and more, per Dan Le Batard"
ğ™ğ™˜ğ™¤ğ™©ğ™© ğ˜¾ğ™–ğ™§ğ™–ğ™¨ğ™ğ™ ,@CarasikS,The Falcons trading up to the back end of the first for Nolan Smith would be hilarious.
KJ The Fantasy Tech,@TheFFBtech,New England seeing Gonzalez fall to them after trading down...
DachshundWizard,@dachshundwizard,Scammer Alert (cryptoWMNFT) ALWAYS check with others you trust inside the community or @ fellow prominent holders before buying/selling/trading. These mfers will disguise themselves as if they are in YOUR community Let's protect each other.
Ryan,@notryankim,"A new dawn. Solana's largest group project begins on April 30th. What you see from Night Market's launch is just the start: a foundational, open-source interface for trading NFTs - governed by the community. The evolution of Night Market in the coming months will be awesomeâ€¦"
Pixel Ape Trading Bot NFT,@PixelApeTrading,A few closed out trades for ape holders letâ€™s go
E8 Funding,@e8funding,"Say goodbye to stress during market rollover with the change to ğ—•ğ—®ğ—¹ğ—®ğ—»ğ—°ğ—² ğ—•ğ—®ğ˜€ğ—²ğ—± ğ——ğ—¿ğ—®ğ˜„ğ—±ğ—¼ğ˜„ğ—» feature! As we continue to revolutionize the trading industry, our latest E8 Track Account feature ensures you ğ—²ğ—»ğ—·ğ—¼ğ˜† ğ—½ğ—²ğ—®ğ—°ğ—² ğ—¼ğ—³ ğ—ºğ—¶ğ—»ğ—± during market rollover!"
ValueTheMarkets,@ValueTheMarkets,This company just delivered record Q1 gold production resulting in a 27% increase YOY. Discover why this is one not to be missed. $CXB $CXBMF
